{"cameraMode":{"drawMode":0,"name":"Shaded","section":"Shading Mode"},"sceneLighting":true,"audioPlay":false,"sceneViewState":{"showFog":true,"showMaterialUpdate":false,"showSkybox":true,"showFlares":true,"showImageEffects":true,"showParticleSystems":true},"in2DMode":false,"pivot":{"x":-0.025676727294921876,"y":42.44041442871094,"z":-0.9595019817352295},"rotation":{"x":0.26841917634010317,"y":0.2795211374759674,"z":-0.08170922845602036,"w":0.9182301759719849},"size":1.9609860181808472,"orthographic":false}