{"cameraMode":{"drawMode":0,"name":"Shaded","section":"Shading Mode"},"sceneLighting":true,"audioPlay":false,"sceneViewState":{"showFog":true,"showMaterialUpdate":false,"showSkybox":false,"showFlares":true,"showImageEffects":true,"showParticleSystems":true},"in2DMode":false,"pivot":{"x":-0.027910128235816957,"y":2.9322080612182619,"z":-2.0245988368988039},"rotation":{"x":0.10717691481113434,"y":0.5113756656646729,"z":-0.0644635558128357,"w":0.8502085208892822},"size":1.5262223482131959,"orthographic":false}